{
    "parameters": [
        {
            "descr": "Diametro del cono",
            "expr": "15",
            "name": "dm",
            "value": "15"
        },
        {
            "expr": "5.33",
            "name": "d",
            "value": "5.33"
        },
        {
            "expr": "10",
            "name": "L1",
            "value": "10"
        },
        {
            "expr": "0.2",
            "name": "t",
            "value": "0.2"
        },
        {
            "expr": "6",
            "name": "lam",
            "value": "6"
        }
    ],
    "version": 1
}