{
   "execution": {
      "classname": "SMAPowerByEmagHPCFrame",
      "libname": "SMAPowerByEmagUI"
   },
   "inputVariables": [
      {
         "name": "dm",
         "type": "float",
         "value": 15.0
      },
      {
         "name": "d",
         "type": "float",
         "value": 5.33
      },
      {
         "name": "L1",
         "type": "float",
         "value": 10.0
      },
      {
         "name": "t",
         "type": "float",
         "value": 0.2
      },
      {
         "name": "lam",
         "type": "float",
         "value": 6.0
      }
   ],
   "outputVariables": [
      {
         "len": 1,
         "name": "3D\\Nivel",
         "type": "float",
         "value": -68.6309753952139
      },
      {
         "len": 1,
         "name": "3D\\freq",
         "type": "float",
         "value": 2.71000003814697
      }
   ]
}