<?xml version="1.0" encoding="UTF-8"?>
<SchematicTopology Version="2.5" Seed="1" Grid="25">
    <Block Id="1" ForeignId="111864697" Class="MWSSCHEM" ImageIndex="1">
        <Size Height="150" Width="150"/>
        <Pins Distribution="TwoSidesDownward">
            <Pin Index="0" Port="0" BlockPosition="Left">
                <Label>1<LabelAppearance VerticalMargin="0" RightMargin="0" Color="#000000" LeftMargin="0" Placement="Inside" HorizontalMargin="0" Flags="Right Top">
                        <Font PointSize="16"/>
                    </LabelAppearance>
                </Label>
            </Pin>
            <Ports>
                <Port Name="1" Label=""/>
            </Ports>
        </Pins>
        <Image FileName="../3D/Model.dib" Scale="AutoFit"/>
        <Pos X="100" Y="0"/>
        <ToolTip>CST MICROWAVE STUDIO schematic block MWSSCHEM1</ToolTip>
    </Block>
</SchematicTopology>
