{
   "execution": {
      "classname": "SMAPowerByEmagHPCFrame",
      "libname": "SMAPowerByEmagUI"
   },
   "inputVariables": [
      {
         "name": "wire_diameter",
         "type": "float",
         "value": 0.05
      },
      {
         "name": "coil_diameter",
         "type": "string",
         "value": "4/2"
      },
      {
         "name": "S",
         "type": "float",
         "value": 2.1
      },
      {
         "name": "N",
         "type": "float",
         "value": 12.0
      }
   ],
   "outputVariables": []
}