{
    "active_solver": "HF Time Domain",
    "frequency": {
        "maximum": 3.0,
        "maximum_expr": "3",
        "minimum": 2.0,
        "minimum_expr": "2",
        "unit": "GHz"
    },
    "solver_support": {
        "HF Time Domain": {
            "dc_multi_node": true,
            "gpu": true,
            "mpi": true,
            "mpi_gpu": true,
            "multi_gpu": true,
            "price model": "Premium",
            "user acc settings": {
                "cpu devices": 1,
                "dc nodes": 0,
                "gpu devices": 0,
                "mpi nodes": 0,
                "threads or phys cores": 32
            }
        }
    },
    "version": 2
}