{
    "anchorpoints": [],
    "portpins": [
        {
            "name": "1",
            "position": [
                -2.7755575615628914e-16,
                -90.0,
                -16.000000000000007
            ],
            "rotation": [
                1.0,
                0.0,
                0.0,
                0.0,
                1.0,
                0.0,
                0.0,
                0.0,
                1.0
            ]
        }
    ],
    "version": 6
}