{
    "parameters": [
        {
            "descr": "Radio del dipolo",
            "expr": "0.136",
            "name": "Rd",
            "value": "0.136"
        },
        {
            "descr": "Longitud del dipolo",
            "expr": "61.899999999999999",
            "name": "LD",
            "value": "61.899999999999999"
        },
        {
            "descr": "Radios del reflector",
            "expr": "1.15",
            "name": "RF",
            "value": "1.15"
        },
        {
            "descr": "Longitud del reflector",
            "expr": "64.77",
            "name": "LRF",
            "value": "64.77"
        },
        {
            "descr": "Separacion ",
            "expr": "27.666666666666998",
            "name": "S12",
            "value": "27.666666666666998"
        },
        {
            "descr": "Radio de los directores",
            "expr": "1.15",
            "name": "RDr",
            "value": "1.15"
        },
        {
            "descr": "Separacion ",
            "expr": "38.166666666666998",
            "name": "S23",
            "value": "38.166666666666998"
        },
        {
            "descr": "Longitud del director",
            "expr": "57.81",
            "name": "LDr",
            "value": "57.81"
        },
        {
            "descr": "Longitud del gap",
            "expr": "0.33",
            "name": "Gap",
            "value": "0.33"
        },
        {
            "descr": "Impedancia de la antena",
            "expr": "73",
            "name": "Za",
            "value": "73"
        },
        {
            "descr": "Director 3",
            "expr": "57.81",
            "name": "D3",
            "value": "57.81"
        },
        {
            "descr": "Director4",
            "expr": "57.81",
            "name": "D4",
            "value": "57.81"
        },
        {
            "descr": "Director 5",
            "expr": "57.27",
            "name": "D5",
            "value": "57.27"
        },
        {
            "descr": "Director 6",
            "expr": "55.5",
            "name": "D6",
            "value": "55.5"
        },
        {
            "descr": "Factor de optimizacion",
            "expr": "0.96272727272727299",
            "name": "a",
            "value": "0.96272727272727299"
        },
        {
            "descr": "Director 7",
            "expr": "54.95",
            "name": "D7",
            "value": "54.95"
        },
        {
            "descr": "Director 8",
            "expr": "54.27",
            "name": "D8",
            "value": "54.27"
        },
        {
            "descr": "Director 9",
            "expr": "53.7",
            "name": "D9",
            "value": "53.7"
        },
        {
            "descr": "Director 10",
            "expr": "53.18",
            "name": "D10",
            "value": "53.18"
        }
    ],
    "version": 1
}