{
   "execution": {
      "classname": "SMAPowerByEmagHPCFrame",
      "libname": "SMAPowerByEmagUI"
   },
   "inputVariables": [
      {
         "name": "Rd",
         "type": "float",
         "value": 0.136
      },
      {
         "name": "LD",
         "type": "float",
         "value": 61.9
      },
      {
         "name": "RF",
         "type": "float",
         "value": 1.15
      },
      {
         "name": "LRF",
         "type": "float",
         "value": 64.77
      },
      {
         "name": "S12",
         "type": "float",
         "value": 27.666666666667
      },
      {
         "name": "RDr",
         "type": "float",
         "value": 1.15
      },
      {
         "name": "S23",
         "type": "float",
         "value": 38.166666666667
      },
      {
         "name": "LDr",
         "type": "float",
         "value": 57.81
      },
      {
         "name": "Gap",
         "type": "float",
         "value": 0.33
      },
      {
         "name": "Za",
         "type": "float",
         "value": 73.0
      },
      {
         "name": "D3",
         "type": "float",
         "value": 57.81
      },
      {
         "name": "D4",
         "type": "float",
         "value": 57.81
      },
      {
         "name": "D5",
         "type": "float",
         "value": 57.27
      },
      {
         "name": "D6",
         "type": "float",
         "value": 55.5
      },
      {
         "name": "a",
         "type": "float",
         "value": 0.962727272727273
      },
      {
         "name": "D7",
         "type": "float",
         "value": 54.95
      },
      {
         "name": "D8",
         "type": "float",
         "value": 54.27
      },
      {
         "name": "D9",
         "type": "float",
         "value": 53.7
      },
      {
         "name": "D10",
         "type": "float",
         "value": 53.18
      }
   ],
   "outputVariables": [
      {
         "len": 1,
         "name": "3D\\nivel",
         "type": "float"
      },
      {
         "len": 1,
         "name": "3D\\Frecuencia",
         "type": "float"
      }
   ]
}