{
    "date": "2022-10-26, 10:03:39, Hora est. Pacífico, Sudamérica",
    "solver_runs_and_tasks": {
        "module_name": "standard simulation project",
        "solver_run": {
            "license_and_hardware_request": {
                "in_use": true,
                "license_type": "CST legacy token",
                "mpi": {
                    "consistency_check": true,
                    "num_different_mpi_nodes": 0,
                    "num_local_mpi_nodes": 0,
                    "num_mpi_nodes": 0
                },
                "num_cpu_sockets": 1,
                "num_dc_nodes": 0,
                "num_gpus": 0,
                "num_physical_cores": -1,
                "num_threads": 32
            },
            "opt_par_run_id": 1,
            "return_code": 1,
            "solver_hwacc_usage": {
                "info": "gathered from solver run",
                "mpi": {
                    "consistency_check": true,
                    "num_different_mpi_nodes": 0,
                    "num_local_mpi_nodes": 0,
                    "num_mpi_nodes": 0
                },
                "num_cpu_sockets": 1,
                "num_dc_nodes": 0,
                "num_gpus": 0,
                "num_threads_or_physical_cores": 4
            },
            "solver_used": "Solver_HF_TD",
            "task_name": "solver run",
            "time_info": {
                "details": {
                    "discretizer": 34,
                    "solver": 84
                },
                "run_time": 154
            }
        }
    },
    "studio-version": "2022.0 Release from 2021-08-23 (change 895802)",
    "version": 1
}{
    "date": "2022-10-26, 10:07:58, Hora est. Pacífico, Sudamérica",
    "solver_runs_and_tasks": {
        "module_name": "standard simulation project",
        "solver_run": {
            "license_and_hardware_request": {
                "in_use": true,
                "license_type": "CST legacy token",
                "mpi": {
                    "consistency_check": true,
                    "num_different_mpi_nodes": 0,
                    "num_local_mpi_nodes": 0,
                    "num_mpi_nodes": 0
                },
                "num_cpu_sockets": 1,
                "num_dc_nodes": 0,
                "num_gpus": 0,
                "num_physical_cores": -1,
                "num_threads": 32
            },
            "opt_par_run_id": 2,
            "return_code": 1,
            "solver_hwacc_usage": {
                "info": "gathered from solver run",
                "mpi": {
                    "consistency_check": true,
                    "num_different_mpi_nodes": 0,
                    "num_local_mpi_nodes": 0,
                    "num_mpi_nodes": 0
                },
                "num_cpu_sockets": 1,
                "num_dc_nodes": 0,
                "num_gpus": 0,
                "num_threads_or_physical_cores": 4
            },
            "solver_used": "Solver_HF_TD",
            "task_name": "solver run",
            "time_info": {
                "details": {
                    "discretizer": 33,
                    "solver": 72
                },
                "run_time": 142
            }
        }
    },
    "studio-version": "2022.0 Release from 2021-08-23 (change 895802)",
    "version": 1
}{
    "date": "2022-10-26, 10:14:36, Hora est. Pacífico, Sudamérica",
    "solver_runs_and_tasks": {
        "module_name": "standard simulation project",
        "solver_run": {
            "license_and_hardware_request": {
                "in_use": true,
                "license_type": "CST legacy token",
                "mpi": {
                    "consistency_check": true,
                    "num_different_mpi_nodes": 0,
                    "num_local_mpi_nodes": 0,
                    "num_mpi_nodes": 0
                },
                "num_cpu_sockets": 1,
                "num_dc_nodes": 0,
                "num_gpus": 0,
                "num_physical_cores": -1,
                "num_threads": 32
            },
            "opt_par_run_id": 3,
            "return_code": 1,
            "solver_hwacc_usage": {
                "info": "gathered from solver run",
                "mpi": {
                    "consistency_check": true,
                    "num_different_mpi_nodes": 0,
                    "num_local_mpi_nodes": 0,
                    "num_mpi_nodes": 0
                },
                "num_cpu_sockets": 1,
                "num_dc_nodes": 0,
                "num_gpus": 0,
                "num_threads_or_physical_cores": 4
            },
            "solver_used": "Solver_HF_TD",
            "task_name": "solver run",
            "time_info": {
                "details": {
                    "discretizer": 31,
                    "solver": 49
                },
                "run_time": 117
            }
        }
    },
    "studio-version": "2022.0 Release from 2021-08-23 (change 895802)",
    "version": 1
}{
    "date": "2022-10-26, 10:25:26, Hora est. Pacífico, Sudamérica",
    "solver_runs_and_tasks": {
        "module_name": "standard simulation project",
        "solver_run": {
            "license_and_hardware_request": {
                "in_use": true,
                "license_type": "CST legacy token",
                "mpi": {
                    "consistency_check": true,
                    "num_different_mpi_nodes": 0,
                    "num_local_mpi_nodes": 0,
                    "num_mpi_nodes": 0
                },
                "num_cpu_sockets": 1,
                "num_dc_nodes": 0,
                "num_gpus": 0,
                "num_physical_cores": -1,
                "num_threads": 32
            },
            "opt_par_run_id": 4,
            "return_code": 1,
            "solver_hwacc_usage": {
                "info": "gathered from solver run",
                "mpi": {
                    "consistency_check": true,
                    "num_different_mpi_nodes": 0,
                    "num_local_mpi_nodes": 0,
                    "num_mpi_nodes": 0
                },
                "num_cpu_sockets": 1,
                "num_dc_nodes": 0,
                "num_gpus": 0,
                "num_threads_or_physical_cores": 4
            },
            "solver_used": "Solver_HF_TD",
            "task_name": "solver run",
            "time_info": {
                "details": {
                    "discretizer": 29,
                    "solver": 124
                },
                "run_time": 199
            }
        }
    },
    "studio-version": "2022.0 Release from 2021-08-23 (change 895802)",
    "version": 1
}{
    "date": "2022-10-26, 10:30:12, Hora est. Pacífico, Sudamérica",
    "solver_runs_and_tasks": {
        "module_name": "standard simulation project",
        "solver_run": {
            "license_and_hardware_request": {
                "in_use": true,
                "license_type": "CST legacy token",
                "mpi": {
                    "consistency_check": true,
                    "num_different_mpi_nodes": 0,
                    "num_local_mpi_nodes": 0,
                    "num_mpi_nodes": 0
                },
                "num_cpu_sockets": 1,
                "num_dc_nodes": 0,
                "num_gpus": 0,
                "num_physical_cores": -1,
                "num_threads": 32
            },
            "opt_par_run_id": 4,
            "return_code": 1,
            "solver_hwacc_usage": {
                "info": "gathered from solver run",
                "mpi": {
                    "consistency_check": true,
                    "num_different_mpi_nodes": 0,
                    "num_local_mpi_nodes": 0,
                    "num_mpi_nodes": 0
                },
                "num_cpu_sockets": 1,
                "num_dc_nodes": 0,
                "num_gpus": 0,
                "num_threads_or_physical_cores": 4
            },
            "solver_used": "Solver_HF_TD",
            "task_name": "solver run",
            "time_info": {
                "details": {
                    "discretizer": 0,
                    "solver": 115
                },
                "run_time": 119
            }
        }
    },
    "studio-version": "2022.0 Release from 2021-08-23 (change 895802)",
    "version": 1
}{
    "date": "2022-10-26, 10:39:28, Hora est. Pacífico, Sudamérica",
    "solver_runs_and_tasks": {
        "module_name": "standard simulation project",
        "solver_run": {
            "license_and_hardware_request": {
                "in_use": true,
                "license_type": "CST legacy token",
                "mpi": {
                    "consistency_check": true,
                    "num_different_mpi_nodes": 0,
                    "num_local_mpi_nodes": 0,
                    "num_mpi_nodes": 0
                },
                "num_cpu_sockets": 1,
                "num_dc_nodes": 0,
                "num_gpus": 0,
                "num_physical_cores": -1,
                "num_threads": 32
            },
            "opt_par_run_id": 4,
            "return_code": 1,
            "solver_hwacc_usage": {
                "info": "gathered from solver run",
                "mpi": {
                    "consistency_check": true,
                    "num_different_mpi_nodes": 0,
                    "num_local_mpi_nodes": 0,
                    "num_mpi_nodes": 0
                },
                "num_cpu_sockets": 1,
                "num_dc_nodes": 0,
                "num_gpus": 0,
                "num_threads_or_physical_cores": 4
            },
            "solver_used": "Solver_HF_TD",
            "task_name": "solver run",
            "time_info": {
                "details": {
                    "discretizer": 0,
                    "solver": 116
                },
                "run_time": 120
            }
        }
    },
    "studio-version": "2022.0 Release from 2021-08-23 (change 895802)",
    "version": 1
}{
    "date": "2022-10-26, 10:44:01, Hora est. Pacífico, Sudamérica",
    "solver_runs_and_tasks": {
        "module_name": "standard simulation project",
        "solver_run": {
            "license_and_hardware_request": {
                "in_use": true,
                "license_type": "CST legacy token",
                "mpi": {
                    "consistency_check": true,
                    "num_different_mpi_nodes": 0,
                    "num_local_mpi_nodes": 0,
                    "num_mpi_nodes": 0
                },
                "num_cpu_sockets": 1,
                "num_dc_nodes": 0,
                "num_gpus": 0,
                "num_physical_cores": -1,
                "num_threads": 32
            },
            "opt_par_run_id": 4,
            "return_code": 1,
            "solver_hwacc_usage": {
                "info": "gathered from solver run",
                "mpi": {
                    "consistency_check": true,
                    "num_different_mpi_nodes": 0,
                    "num_local_mpi_nodes": 0,
                    "num_mpi_nodes": 0
                },
                "num_cpu_sockets": 1,
                "num_dc_nodes": 0,
                "num_gpus": 0,
                "num_threads_or_physical_cores": 4
            },
            "solver_used": "Solver_HF_TD",
            "task_name": "solver run",
            "time_info": {
                "details": {
                    "discretizer": 0,
                    "solver": 119
                },
                "run_time": 124
            }
        }
    },
    "studio-version": "2022.0 Release from 2021-08-23 (change 895802)",
    "version": 1
}{
    "date": "2022-10-26, 11:10:12, Hora est. Pacífico, Sudamérica",
    "solver_runs_and_tasks": {
        "module_name": "standard simulation project",
        "solver_run": {
            "license_and_hardware_request": {
                "in_use": true,
                "license_type": "CST legacy token",
                "mpi": {
                    "consistency_check": true,
                    "num_different_mpi_nodes": 0,
                    "num_local_mpi_nodes": 0,
                    "num_mpi_nodes": 0
                },
                "num_cpu_sockets": 1,
                "num_dc_nodes": 0,
                "num_gpus": 0,
                "num_physical_cores": -1,
                "num_threads": 32
            },
            "opt_par_run_id": 5,
            "return_code": 1,
            "solver_hwacc_usage": {
                "info": "gathered from solver run",
                "mpi": {
                    "consistency_check": true,
                    "num_different_mpi_nodes": 0,
                    "num_local_mpi_nodes": 0,
                    "num_mpi_nodes": 0
                },
                "num_cpu_sockets": 1,
                "num_dc_nodes": 0,
                "num_gpus": 0,
                "num_threads_or_physical_cores": 4
            },
            "solver_used": "Solver_HF_TD",
            "task_name": "solver run",
            "time_info": {
                "details": {
                    "discretizer": 32,
                    "solver": 61
                },
                "run_time": 136
            }
        }
    },
    "studio-version": "2022.0 Release from 2021-08-23 (change 895802)",
    "version": 1
}{
    "date": "2022-10-26, 11:23:55, Hora est. Pacífico, Sudamérica",
    "solver_runs_and_tasks": {
        "module_name": "standard simulation project",
        "solver_run": {
            "license_and_hardware_request": {
                "in_use": true,
                "license_type": "CST legacy token",
                "mpi": {
                    "consistency_check": true,
                    "num_different_mpi_nodes": 0,
                    "num_local_mpi_nodes": 0,
                    "num_mpi_nodes": 0
                },
                "num_cpu_sockets": 1,
                "num_dc_nodes": 0,
                "num_gpus": 0,
                "num_physical_cores": -1,
                "num_threads": 32
            },
            "opt_par_run_id": 6,
            "return_code": 1,
            "solver_hwacc_usage": {
                "info": "gathered from solver run",
                "mpi": {
                    "consistency_check": true,
                    "num_different_mpi_nodes": 0,
                    "num_local_mpi_nodes": 0,
                    "num_mpi_nodes": 0
                },
                "num_cpu_sockets": 1,
                "num_dc_nodes": 0,
                "num_gpus": 0,
                "num_threads_or_physical_cores": 4
            },
            "solver_used": "Solver_HF_TD",
            "task_name": "solver run",
            "time_info": {
                "details": {
                    "discretizer": 36,
                    "solver": 72
                },
                "run_time": 152
            }
        }
    },
    "studio-version": "2022.0 Release from 2021-08-23 (change 895802)",
    "version": 1
}{
    "date": "2022-10-26, 11:44:22, Hora est. Pacífico, Sudamérica",
    "solver_runs_and_tasks": {
        "module_name": "standard simulation project",
        "solver_run": {
            "license_and_hardware_request": {
                "in_use": true,
                "license_type": "CST legacy token",
                "mpi": {
                    "consistency_check": true,
                    "num_different_mpi_nodes": 0,
                    "num_local_mpi_nodes": 0,
                    "num_mpi_nodes": 0
                },
                "num_cpu_sockets": 1,
                "num_dc_nodes": 0,
                "num_gpus": 0,
                "num_physical_cores": -1,
                "num_threads": 32
            },
            "opt_par_run_id": 7,
            "return_code": 1,
            "solver_hwacc_usage": {
                "info": "gathered from solver run",
                "mpi": {
                    "consistency_check": true,
                    "num_different_mpi_nodes": 0,
                    "num_local_mpi_nodes": 0,
                    "num_mpi_nodes": 0
                },
                "num_cpu_sockets": 1,
                "num_dc_nodes": 0,
                "num_gpus": 0,
                "num_threads_or_physical_cores": 4
            },
            "solver_used": "Solver_HF_TD",
            "task_name": "solver run",
            "time_info": {
                "details": {
                    "discretizer": 32,
                    "solver": 50
                },
                "run_time": 126
            }
        }
    },
    "studio-version": "2022.0 Release from 2021-08-23 (change 895802)",
    "version": 1
}{
    "date": "2022-10-26, 11:53:01, Hora est. Pacífico, Sudamérica",
    "solver_runs_and_tasks": {
        "module_name": "standard simulation project",
        "solver_run": {
            "license_and_hardware_request": {
                "in_use": true,
                "license_type": "CST legacy token",
                "mpi": {
                    "consistency_check": true,
                    "num_different_mpi_nodes": 0,
                    "num_local_mpi_nodes": 0,
                    "num_mpi_nodes": 0
                },
                "num_cpu_sockets": 1,
                "num_dc_nodes": 0,
                "num_gpus": 0,
                "num_physical_cores": -1,
                "num_threads": 32
            },
            "opt_par_run_id": 8,
            "return_code": 1,
            "solver_hwacc_usage": {
                "info": "gathered from solver run",
                "mpi": {
                    "consistency_check": true,
                    "num_different_mpi_nodes": 0,
                    "num_local_mpi_nodes": 0,
                    "num_mpi_nodes": 0
                },
                "num_cpu_sockets": 1,
                "num_dc_nodes": 0,
                "num_gpus": 0,
                "num_threads_or_physical_cores": 4
            },
            "solver_used": "Solver_HF_TD",
            "task_name": "solver run",
            "time_info": {
                "details": {
                    "discretizer": 31,
                    "solver": 71
                },
                "run_time": 145
            }
        }
    },
    "studio-version": "2022.0 Release from 2021-08-23 (change 895802)",
    "version": 1
}{
    "date": "2022-10-26, 12:13:26, Hora est. Pacífico, Sudamérica",
    "solver_runs_and_tasks": {
        "module_name": "standard simulation project",
        "solver_run": {
            "license_and_hardware_request": {
                "in_use": true,
                "license_type": "CST legacy token",
                "mpi": {
                    "consistency_check": true,
                    "num_different_mpi_nodes": 0,
                    "num_local_mpi_nodes": 0,
                    "num_mpi_nodes": 0
                },
                "num_cpu_sockets": 1,
                "num_dc_nodes": 0,
                "num_gpus": 0,
                "num_physical_cores": -1,
                "num_threads": 32
            },
            "opt_par_run_id": 9,
            "return_code": 1,
            "solver_hwacc_usage": {
                "info": "gathered from solver run",
                "mpi": {
                    "consistency_check": true,
                    "num_different_mpi_nodes": 0,
                    "num_local_mpi_nodes": 0,
                    "num_mpi_nodes": 0
                },
                "num_cpu_sockets": 1,
                "num_dc_nodes": 0,
                "num_gpus": 0,
                "num_threads_or_physical_cores": 4
            },
            "solver_used": "Solver_HF_TD",
            "task_name": "solver run",
            "time_info": {
                "details": {
                    "discretizer": 32,
                    "solver": 89
                },
                "run_time": 166
            }
        }
    },
    "studio-version": "2022.0 Release from 2021-08-23 (change 895802)",
    "version": 1
}{
    "date": "2022-10-26, 12:27:49, Hora est. Pacífico, Sudamérica",
    "solver_runs_and_tasks": {
        "module_name": "standard simulation project",
        "solver_run": {
            "license_and_hardware_request": {
                "in_use": true,
                "license_type": "CST legacy token",
                "mpi": {
                    "consistency_check": true,
                    "num_different_mpi_nodes": 0,
                    "num_local_mpi_nodes": 0,
                    "num_mpi_nodes": 0
                },
                "num_cpu_sockets": 1,
                "num_dc_nodes": 0,
                "num_gpus": 0,
                "num_physical_cores": -1,
                "num_threads": 32
            },
            "opt_par_run_id": 10,
            "return_code": 1,
            "solver_hwacc_usage": {
                "info": "gathered from solver run",
                "mpi": {
                    "consistency_check": true,
                    "num_different_mpi_nodes": 0,
                    "num_local_mpi_nodes": 0,
                    "num_mpi_nodes": 0
                },
                "num_cpu_sockets": 1,
                "num_dc_nodes": 0,
                "num_gpus": 0,
                "num_threads_or_physical_cores": 4
            },
            "solver_used": "Solver_HF_TD",
            "task_name": "solver run",
            "time_info": {
                "details": {
                    "discretizer": 32,
                    "solver": 142
                },
                "run_time": 224
            }
        }
    },
    "studio-version": "2022.0 Release from 2021-08-23 (change 895802)",
    "version": 1
}{
    "date": "2022-10-26, 12:40:16, Hora est. Pacífico, Sudamérica",
    "solver_runs_and_tasks": {
        "module_name": "standard simulation project",
        "solver_run": {
            "license_and_hardware_request": {
                "in_use": true,
                "license_type": "CST legacy token",
                "mpi": {
                    "consistency_check": true,
                    "num_different_mpi_nodes": 0,
                    "num_local_mpi_nodes": 0,
                    "num_mpi_nodes": 0
                },
                "num_cpu_sockets": 1,
                "num_dc_nodes": 0,
                "num_gpus": 0,
                "num_physical_cores": -1,
                "num_threads": 32
            },
            "opt_par_run_id": 5,
            "return_code": 1,
            "solver_hwacc_usage": {
                "info": "gathered from solver run",
                "mpi": {
                    "consistency_check": true,
                    "num_different_mpi_nodes": 0,
                    "num_local_mpi_nodes": 0,
                    "num_mpi_nodes": 0
                },
                "num_cpu_sockets": 1,
                "num_dc_nodes": 0,
                "num_gpus": 0,
                "num_threads_or_physical_cores": 4
            },
            "solver_used": "Solver_HF_TD",
            "task_name": "solver run",
            "time_info": {
                "details": {
                    "discretizer": 32,
                    "solver": 61
                },
                "run_time": 137
            }
        }
    },
    "studio-version": "2022.0 Release from 2021-08-23 (change 895802)",
    "version": 1
}{
    "date": "2022-10-26, 12:48:07, Hora est. Pacífico, Sudamérica",
    "solver_runs_and_tasks": {
        "module_name": "standard simulation project",
        "solver_run": {
            "license_and_hardware_request": {
                "in_use": true,
                "license_type": "CST legacy token",
                "mpi": {
                    "consistency_check": true,
                    "num_different_mpi_nodes": 0,
                    "num_local_mpi_nodes": 0,
                    "num_mpi_nodes": 0
                },
                "num_cpu_sockets": 1,
                "num_dc_nodes": 0,
                "num_gpus": 0,
                "num_physical_cores": -1,
                "num_threads": 32
            },
            "opt_par_run_id": -1,
            "return_code": 7,
            "solver_hwacc_usage": {
                "info": "gathered from solver run",
                "mpi": {
                    "consistency_check": true,
                    "num_different_mpi_nodes": 0,
                    "num_local_mpi_nodes": 0,
                    "num_mpi_nodes": 0
                },
                "num_cpu_sockets": 1,
                "num_dc_nodes": 0,
                "num_gpus": 0,
                "num_threads_or_physical_cores": 4
            },
            "solver_used": "Solver_HF_TD",
            "task_name": "port mode",
            "time_info": {
                "details": {
                    "discretizer": 0,
                    "solver": 0
                },
                "run_time": 3
            }
        }
    },
    "studio-version": "2022.0 Release from 2021-08-23 (change 895802)",
    "version": 1
}{
    "date": "2022-10-26, 12:51:05, Hora est. Pacífico, Sudamérica",
    "solver_runs_and_tasks": {
        "module_name": "standard simulation project",
        "solver_run": {
            "license_and_hardware_request": {
                "in_use": true,
                "license_type": "CST legacy token",
                "mpi": {
                    "consistency_check": true,
                    "num_different_mpi_nodes": 0,
                    "num_local_mpi_nodes": 0,
                    "num_mpi_nodes": 0
                },
                "num_cpu_sockets": 1,
                "num_dc_nodes": 0,
                "num_gpus": 0,
                "num_physical_cores": -1,
                "num_threads": 32
            },
            "opt_par_run_id": 1,
            "return_code": 1,
            "solver_hwacc_usage": {
                "info": "gathered from solver run",
                "mpi": {
                    "consistency_check": true,
                    "num_different_mpi_nodes": 0,
                    "num_local_mpi_nodes": 0,
                    "num_mpi_nodes": 0
                },
                "num_cpu_sockets": 1,
                "num_dc_nodes": 0,
                "num_gpus": 0,
                "num_threads_or_physical_cores": 4
            },
            "solver_used": "Solver_HF_TD",
            "task_name": "solver run",
            "time_info": {
                "details": {
                    "discretizer": 31,
                    "solver": 62
                },
                "run_time": 136
            }
        }
    },
    "studio-version": "2022.0 Release from 2021-08-23 (change 895802)",
    "version": 1
}{
    "date": "2022-10-26, 12:54:22, Hora est. Pacífico, Sudamérica",
    "solver_runs_and_tasks": {
        "module_name": "standard simulation project",
        "solver_run": {
            "license_and_hardware_request": {
                "in_use": true,
                "license_type": "CST legacy token",
                "mpi": {
                    "consistency_check": true,
                    "num_different_mpi_nodes": 0,
                    "num_local_mpi_nodes": 0,
                    "num_mpi_nodes": 0
                },
                "num_cpu_sockets": 1,
                "num_dc_nodes": 0,
                "num_gpus": 0,
                "num_physical_cores": -1,
                "num_threads": 32
            },
            "opt_par_run_id": 2,
            "return_code": 1,
            "solver_hwacc_usage": {
                "info": "gathered from solver run",
                "mpi": {
                    "consistency_check": true,
                    "num_different_mpi_nodes": 0,
                    "num_local_mpi_nodes": 0,
                    "num_mpi_nodes": 0
                },
                "num_cpu_sockets": 1,
                "num_dc_nodes": 0,
                "num_gpus": 0,
                "num_threads_or_physical_cores": 4
            },
            "solver_used": "Solver_HF_TD",
            "task_name": "solver run",
            "time_info": {
                "details": {
                    "discretizer": 32,
                    "solver": 60
                },
                "run_time": 135
            }
        }
    },
    "studio-version": "2022.0 Release from 2021-08-23 (change 895802)",
    "version": 1
}{
    "date": "2022-10-26, 13:00:21, Hora est. Pacífico, Sudamérica",
    "solver_runs_and_tasks": {
        "module_name": "standard simulation project",
        "solver_run": {
            "license_and_hardware_request": {
                "in_use": true,
                "license_type": "CST legacy token",
                "mpi": {
                    "consistency_check": true,
                    "num_different_mpi_nodes": 0,
                    "num_local_mpi_nodes": 0,
                    "num_mpi_nodes": 0
                },
                "num_cpu_sockets": 1,
                "num_dc_nodes": 0,
                "num_gpus": 0,
                "num_physical_cores": -1,
                "num_threads": 32
            },
            "opt_par_run_id": 3,
            "return_code": 1,
            "solver_hwacc_usage": {
                "info": "gathered from solver run",
                "mpi": {
                    "consistency_check": true,
                    "num_different_mpi_nodes": 0,
                    "num_local_mpi_nodes": 0,
                    "num_mpi_nodes": 0
                },
                "num_cpu_sockets": 1,
                "num_dc_nodes": 0,
                "num_gpus": 0,
                "num_threads_or_physical_cores": 4
            },
            "solver_used": "Solver_HF_TD",
            "task_name": "solver run",
            "time_info": {
                "details": {
                    "discretizer": 34,
                    "solver": 101
                },
                "run_time": 177
            }
        }
    },
    "studio-version": "2022.0 Release from 2021-08-23 (change 895802)",
    "version": 1
}{
    "date": "2022-10-26, 13:06:09, Hora est. Pacífico, Sudamérica",
    "solver_runs_and_tasks": {
        "module_name": "standard simulation project",
        "solver_run": {
            "license_and_hardware_request": {
                "in_use": true,
                "license_type": "CST legacy token",
                "mpi": {
                    "consistency_check": true,
                    "num_different_mpi_nodes": 0,
                    "num_local_mpi_nodes": 0,
                    "num_mpi_nodes": 0
                },
                "num_cpu_sockets": 1,
                "num_dc_nodes": 0,
                "num_gpus": 0,
                "num_physical_cores": -1,
                "num_threads": 32
            },
            "opt_par_run_id": 4,
            "return_code": 1,
            "solver_hwacc_usage": {
                "info": "gathered from solver run",
                "mpi": {
                    "consistency_check": true,
                    "num_different_mpi_nodes": 0,
                    "num_local_mpi_nodes": 0,
                    "num_mpi_nodes": 0
                },
                "num_cpu_sockets": 1,
                "num_dc_nodes": 0,
                "num_gpus": 0,
                "num_threads_or_physical_cores": 4
            },
            "solver_used": "Solver_HF_TD",
            "task_name": "solver run",
            "time_info": {
                "details": {
                    "discretizer": 33,
                    "solver": 47
                },
                "run_time": 122
            }
        }
    },
    "studio-version": "2022.0 Release from 2021-08-23 (change 895802)",
    "version": 1
}{
    "date": "2022-10-27, 22:49:26, Hora est. Pacífico, Sudamérica",
    "solver_runs_and_tasks": {
        "module_name": "standard simulation project",
        "solver_run": {
            "license_and_hardware_request": {
                "in_use": true,
                "license_type": "CST legacy token",
                "mpi": {
                    "consistency_check": true,
                    "num_different_mpi_nodes": 0,
                    "num_local_mpi_nodes": 0,
                    "num_mpi_nodes": 0
                },
                "num_cpu_sockets": 1,
                "num_dc_nodes": 0,
                "num_gpus": 0,
                "num_physical_cores": -1,
                "num_threads": 32
            },
            "opt_par_run_id": -1,
            "return_code": 7,
            "solver_hwacc_usage": {
                "info": "gathered from solver run",
                "mpi": {
                    "consistency_check": true,
                    "num_different_mpi_nodes": 0,
                    "num_local_mpi_nodes": 0,
                    "num_mpi_nodes": 0
                },
                "num_cpu_sockets": 1,
                "num_dc_nodes": 0,
                "num_gpus": 0,
                "num_threads_or_physical_cores": 4
            },
            "solver_used": "Solver_HF_TD",
            "task_name": "port mode",
            "time_info": {
                "details": {
                    "discretizer": 0,
                    "solver": 0
                },
                "run_time": 5
            }
        }
    },
    "studio-version": "2022.0 Release from 2021-08-23 (change 895802)",
    "version": 1
}{
    "date": "2022-10-27, 22:51:57, Hora est. Pacífico, Sudamérica",
    "solver_runs_and_tasks": {
        "module_name": "standard simulation project",
        "solver_run": {
            "license_and_hardware_request": {
                "in_use": true,
                "license_type": "CST legacy token",
                "mpi": {
                    "consistency_check": true,
                    "num_different_mpi_nodes": 0,
                    "num_local_mpi_nodes": 0,
                    "num_mpi_nodes": 0
                },
                "num_cpu_sockets": 1,
                "num_dc_nodes": 0,
                "num_gpus": 0,
                "num_physical_cores": -1,
                "num_threads": 32
            },
            "opt_par_run_id": 5,
            "return_code": 1,
            "solver_hwacc_usage": {
                "info": "gathered from solver run",
                "mpi": {
                    "consistency_check": true,
                    "num_different_mpi_nodes": 0,
                    "num_local_mpi_nodes": 0,
                    "num_mpi_nodes": 0
                },
                "num_cpu_sockets": 1,
                "num_dc_nodes": 0,
                "num_gpus": 0,
                "num_threads_or_physical_cores": 4
            },
            "solver_used": "Solver_HF_TD",
            "task_name": "solver run",
            "time_info": {
                "details": {
                    "discretizer": 34,
                    "solver": 49
                },
                "run_time": 129
            }
        }
    },
    "studio-version": "2022.0 Release from 2021-08-23 (change 895802)",
    "version": 1
}{
    "date": "2022-11-03, 10:15:22, Hora est. Pacífico, Sudamérica",
    "solver_runs_and_tasks": {
        "module_name": "standard simulation project",
        "solver_run": {
            "license_and_hardware_request": {
                "in_use": true,
                "license_type": "CST legacy token",
                "mpi": {
                    "consistency_check": true,
                    "num_different_mpi_nodes": 0,
                    "num_local_mpi_nodes": 0,
                    "num_mpi_nodes": 0
                },
                "num_cpu_sockets": 1,
                "num_dc_nodes": 0,
                "num_gpus": 0,
                "num_physical_cores": -1,
                "num_threads": 32
            },
            "opt_par_run_id": 5,
            "return_code": 1,
            "solver_hwacc_usage": {
                "info": "gathered from solver run",
                "mpi": {
                    "consistency_check": true,
                    "num_different_mpi_nodes": 0,
                    "num_local_mpi_nodes": 0,
                    "num_mpi_nodes": 0
                },
                "num_cpu_sockets": 1,
                "num_dc_nodes": 0,
                "num_gpus": 0,
                "num_threads_or_physical_cores": 4
            },
            "solver_used": "Solver_HF_TD",
            "task_name": "solver run",
            "time_info": {
                "details": {
                    "discretizer": 0,
                    "solver": 48
                },
                "run_time": 53
            }
        }
    },
    "studio-version": "2022.0 Release from 2021-08-23 (change 895802)",
    "version": 1
}