{
    "date": "2022-12-30, 10:20:04 AM, Hora est. Pacífico, Sudamérica",
    "solver_runs_and_tasks": {
        "module_name": "standard simulation project",
        "solver_run": {
            "license_and_hardware_request": {
                "in_use": true,
                "license_type": "CST legacy token",
                "mpi": {
                    "consistency_check": true,
                    "num_different_mpi_nodes": 0,
                    "num_local_mpi_nodes": 0,
                    "num_mpi_nodes": 0
                },
                "num_cpu_sockets": 1,
                "num_dc_nodes": 0,
                "num_gpus": 0,
                "num_physical_cores": -1,
                "num_threads": 1024
            },
            "opt_par_run_id": 1,
            "return_code": 1,
            "solver_hwacc_usage": {
                "info": "gathered from solver run",
                "mpi": {
                    "consistency_check": true,
                    "num_different_mpi_nodes": 0,
                    "num_local_mpi_nodes": 0,
                    "num_mpi_nodes": 0
                },
                "num_cpu_sockets": 1,
                "num_dc_nodes": 0,
                "num_gpus": 0,
                "num_threads_or_physical_cores": 2
            },
            "solver_used": "Solver_HF_TD",
            "task_name": "solver run",
            "time_info": {
                "details": {
                    "discretizer": 269,
                    "solver": 300
                },
                "run_time": 597
            }
        }
    },
    "studio-version": "2022.4 Release from 2022-04-26 (change 967892)",
    "version": 1
}{
    "date": "2022-12-30, 10:42:57 AM, Hora est. Pacífico, Sudamérica",
    "solver_runs_and_tasks": {
        "module_name": "standard simulation project",
        "solver_run": {
            "license_and_hardware_request": {
                "in_use": true,
                "license_type": "CST legacy token",
                "mpi": {
                    "consistency_check": true,
                    "num_different_mpi_nodes": 0,
                    "num_local_mpi_nodes": 0,
                    "num_mpi_nodes": 0
                },
                "num_cpu_sockets": 1,
                "num_dc_nodes": 0,
                "num_gpus": 0,
                "num_physical_cores": -1,
                "num_threads": 1024
            },
            "opt_par_run_id": 2,
            "return_code": 1,
            "solver_hwacc_usage": {
                "info": "gathered from solver run",
                "mpi": {
                    "consistency_check": true,
                    "num_different_mpi_nodes": 0,
                    "num_local_mpi_nodes": 0,
                    "num_mpi_nodes": 0
                },
                "num_cpu_sockets": 1,
                "num_dc_nodes": 0,
                "num_gpus": 0,
                "num_threads_or_physical_cores": 2
            },
            "solver_used": "Solver_HF_TD",
            "task_name": "solver run",
            "time_info": {
                "details": {
                    "discretizer": 277,
                    "solver": 277
                },
                "run_time": 593
            }
        }
    },
    "studio-version": "2022.4 Release from 2022-04-26 (change 967892)",
    "version": 1
}{
    "date": "2022-12-30, 10:54:59 AM, Hora est. Pacífico, Sudamérica",
    "solver_runs_and_tasks": {
        "module_name": "standard simulation project",
        "solver_run": {
            "license_and_hardware_request": {
                "in_use": true,
                "license_type": "CST legacy token",
                "mpi": {
                    "consistency_check": true,
                    "num_different_mpi_nodes": 0,
                    "num_local_mpi_nodes": 0,
                    "num_mpi_nodes": 0
                },
                "num_cpu_sockets": 1,
                "num_dc_nodes": 0,
                "num_gpus": 0,
                "num_physical_cores": -1,
                "num_threads": 1024
            },
            "opt_par_run_id": 3,
            "return_code": 1,
            "solver_hwacc_usage": {
                "info": "gathered from solver run",
                "mpi": {
                    "consistency_check": true,
                    "num_different_mpi_nodes": 0,
                    "num_local_mpi_nodes": 0,
                    "num_mpi_nodes": 0
                },
                "num_cpu_sockets": 1,
                "num_dc_nodes": 0,
                "num_gpus": 0,
                "num_threads_or_physical_cores": 2
            },
            "solver_used": "Solver_HF_TD",
            "task_name": "solver run",
            "time_info": {
                "details": {
                    "discretizer": 206,
                    "solver": 205
                },
                "run_time": 446
            }
        }
    },
    "studio-version": "2022.4 Release from 2022-04-26 (change 967892)",
    "version": 1
}{
    "date": "2022-12-30, 11:06:09 AM, Hora est. Pacífico, Sudamérica",
    "solver_runs_and_tasks": {
        "module_name": "standard simulation project",
        "solver_run": {
            "license_and_hardware_request": {
                "in_use": true,
                "license_type": "CST legacy token",
                "mpi": {
                    "consistency_check": true,
                    "num_different_mpi_nodes": 0,
                    "num_local_mpi_nodes": 0,
                    "num_mpi_nodes": 0
                },
                "num_cpu_sockets": 1,
                "num_dc_nodes": 0,
                "num_gpus": 0,
                "num_physical_cores": -1,
                "num_threads": 1024
            },
            "opt_par_run_id": 4,
            "return_code": 1,
            "solver_hwacc_usage": {
                "info": "gathered from solver run",
                "mpi": {
                    "consistency_check": true,
                    "num_different_mpi_nodes": 0,
                    "num_local_mpi_nodes": 0,
                    "num_mpi_nodes": 0
                },
                "num_cpu_sockets": 1,
                "num_dc_nodes": 0,
                "num_gpus": 0,
                "num_threads_or_physical_cores": 2
            },
            "solver_used": "Solver_HF_TD",
            "task_name": "solver run",
            "time_info": {
                "details": {
                    "discretizer": 257,
                    "solver": 281
                },
                "run_time": 566
            }
        }
    },
    "studio-version": "2022.4 Release from 2022-04-26 (change 967892)",
    "version": 1
}{
    "date": "2022-12-30, 11:17:10 AM, Hora est. Pacífico, Sudamérica",
    "solver_runs_and_tasks": {
        "module_name": "standard simulation project",
        "solver_run": {
            "license_and_hardware_request": {
                "in_use": true,
                "license_type": "CST legacy token",
                "mpi": {
                    "consistency_check": true,
                    "num_different_mpi_nodes": 0,
                    "num_local_mpi_nodes": 0,
                    "num_mpi_nodes": 0
                },
                "num_cpu_sockets": 1,
                "num_dc_nodes": 0,
                "num_gpus": 0,
                "num_physical_cores": -1,
                "num_threads": 1024
            },
            "opt_par_run_id": 5,
            "return_code": 1,
            "solver_hwacc_usage": {
                "info": "gathered from solver run",
                "mpi": {
                    "consistency_check": true,
                    "num_different_mpi_nodes": 0,
                    "num_local_mpi_nodes": 0,
                    "num_mpi_nodes": 0
                },
                "num_cpu_sockets": 1,
                "num_dc_nodes": 0,
                "num_gpus": 0,
                "num_threads_or_physical_cores": 2
            },
            "solver_used": "Solver_HF_TD",
            "task_name": "solver run",
            "time_info": {
                "details": {
                    "discretizer": 292,
                    "solver": 245
                },
                "run_time": 578
            }
        }
    },
    "studio-version": "2022.4 Release from 2022-04-26 (change 967892)",
    "version": 1
}{
    "date": "2022-12-30, 11:20:26 AM, Hora est. Pacífico, Sudamérica",
    "solver_runs_and_tasks": {
        "module_name": "standard simulation project",
        "solver_run": {
            "license_and_hardware_request": {
                "in_use": true,
                "license_type": "CST legacy token",
                "mpi": {
                    "consistency_check": true,
                    "num_different_mpi_nodes": 0,
                    "num_local_mpi_nodes": 0,
                    "num_mpi_nodes": 0
                },
                "num_cpu_sockets": 1,
                "num_dc_nodes": 0,
                "num_gpus": 0,
                "num_physical_cores": -1,
                "num_threads": 1024
            },
            "opt_par_run_id": -1,
            "return_code": 7,
            "solver_hwacc_usage": {
                "info": "gathered from solver run",
                "mpi": {
                    "consistency_check": true,
                    "num_different_mpi_nodes": 0,
                    "num_local_mpi_nodes": 0,
                    "num_mpi_nodes": 0
                },
                "num_cpu_sockets": 1,
                "num_dc_nodes": 0,
                "num_gpus": 0,
                "num_threads_or_physical_cores": 2
            },
            "solver_used": "Solver_HF_TD",
            "task_name": "port mode",
            "time_info": {
                "details": {
                    "discretizer": 0,
                    "solver": 0
                },
                "run_time": 6
            }
        }
    },
    "studio-version": "2022.4 Release from 2022-04-26 (change 967892)",
    "version": 1
}{
    "date": "2022-12-30, 11:31:02 AM, Hora est. Pacífico, Sudamérica",
    "solver_runs_and_tasks": {
        "module_name": "standard simulation project",
        "solver_run": {
            "license_and_hardware_request": {
                "in_use": true,
                "license_type": "CST legacy token",
                "mpi": {
                    "consistency_check": true,
                    "num_different_mpi_nodes": 0,
                    "num_local_mpi_nodes": 0,
                    "num_mpi_nodes": 0
                },
                "num_cpu_sockets": 1,
                "num_dc_nodes": 0,
                "num_gpus": 0,
                "num_physical_cores": -1,
                "num_threads": 1024
            },
            "opt_par_run_id": 5,
            "return_code": 1,
            "solver_hwacc_usage": {
                "info": "gathered from solver run",
                "mpi": {
                    "consistency_check": true,
                    "num_different_mpi_nodes": 0,
                    "num_local_mpi_nodes": 0,
                    "num_mpi_nodes": 0
                },
                "num_cpu_sockets": 1,
                "num_dc_nodes": 0,
                "num_gpus": 0,
                "num_threads_or_physical_cores": 2
            },
            "solver_used": "Solver_HF_TD",
            "task_name": "solver run",
            "time_info": {
                "details": {
                    "discretizer": 288,
                    "solver": 245
                },
                "run_time": 574
            }
        }
    },
    "studio-version": "2022.4 Release from 2022-04-26 (change 967892)",
    "version": 1
}{
    "date": "2022-12-30, 11:40:09 AM, Hora est. Pacífico, Sudamérica",
    "solver_runs_and_tasks": {
        "module_name": "standard simulation project",
        "solver_run": {
            "license_and_hardware_request": {
                "in_use": true,
                "license_type": "CST legacy token",
                "mpi": {
                    "consistency_check": true,
                    "num_different_mpi_nodes": 0,
                    "num_local_mpi_nodes": 0,
                    "num_mpi_nodes": 0
                },
                "num_cpu_sockets": 1,
                "num_dc_nodes": 0,
                "num_gpus": 0,
                "num_physical_cores": -1,
                "num_threads": 1024
            },
            "opt_par_run_id": 6,
            "return_code": 1,
            "solver_hwacc_usage": {
                "info": "gathered from solver run",
                "mpi": {
                    "consistency_check": true,
                    "num_different_mpi_nodes": 0,
                    "num_local_mpi_nodes": 0,
                    "num_mpi_nodes": 0
                },
                "num_cpu_sockets": 1,
                "num_dc_nodes": 0,
                "num_gpus": 0,
                "num_threads_or_physical_cores": 2
            },
            "solver_used": "Solver_HF_TD",
            "task_name": "solver run",
            "time_info": {
                "details": {
                    "discretizer": 99,
                    "solver": 167
                },
                "run_time": 290
            }
        }
    },
    "studio-version": "2022.4 Release from 2022-04-26 (change 967892)",
    "version": 1
}{
    "date": "2022-12-30, 11:46:32 AM, Hora est. Pacífico, Sudamérica",
    "solver_runs_and_tasks": {
        "module_name": "standard simulation project",
        "solver_run": {
            "license_and_hardware_request": {
                "in_use": true,
                "license_type": "CST legacy token",
                "mpi": {
                    "consistency_check": true,
                    "num_different_mpi_nodes": 0,
                    "num_local_mpi_nodes": 0,
                    "num_mpi_nodes": 0
                },
                "num_cpu_sockets": 1,
                "num_dc_nodes": 0,
                "num_gpus": 0,
                "num_physical_cores": -1,
                "num_threads": 1024
            },
            "opt_par_run_id": 7,
            "return_code": 1,
            "solver_hwacc_usage": {
                "info": "gathered from solver run",
                "mpi": {
                    "consistency_check": true,
                    "num_different_mpi_nodes": 0,
                    "num_local_mpi_nodes": 0,
                    "num_mpi_nodes": 0
                },
                "num_cpu_sockets": 1,
                "num_dc_nodes": 0,
                "num_gpus": 0,
                "num_threads_or_physical_cores": 2
            },
            "solver_used": "Solver_HF_TD",
            "task_name": "solver run",
            "time_info": {
                "details": {
                    "discretizer": 106,
                    "solver": 139
                },
                "run_time": 266
            }
        }
    },
    "studio-version": "2022.4 Release from 2022-04-26 (change 967892)",
    "version": 1
}{
    "date": "2022-12-30, 11:52:44 AM, Hora est. Pacífico, Sudamérica",
    "solver_runs_and_tasks": {
        "module_name": "standard simulation project",
        "solver_run": {
            "license_and_hardware_request": {
                "in_use": true,
                "license_type": "CST legacy token",
                "mpi": {
                    "consistency_check": true,
                    "num_different_mpi_nodes": 0,
                    "num_local_mpi_nodes": 0,
                    "num_mpi_nodes": 0
                },
                "num_cpu_sockets": 1,
                "num_dc_nodes": 0,
                "num_gpus": 0,
                "num_physical_cores": -1,
                "num_threads": 1024
            },
            "opt_par_run_id": 8,
            "return_code": 1,
            "solver_hwacc_usage": {
                "info": "gathered from solver run",
                "mpi": {
                    "consistency_check": true,
                    "num_different_mpi_nodes": 0,
                    "num_local_mpi_nodes": 0,
                    "num_mpi_nodes": 0
                },
                "num_cpu_sockets": 1,
                "num_dc_nodes": 0,
                "num_gpus": 0,
                "num_threads_or_physical_cores": 2
            },
            "solver_used": "Solver_HF_TD",
            "task_name": "solver run",
            "time_info": {
                "details": {
                    "discretizer": 90,
                    "solver": 127
                },
                "run_time": 243
            }
        }
    },
    "studio-version": "2022.4 Release from 2022-04-26 (change 967892)",
    "version": 1
}{
    "date": "2022-12-30, 11:59:18 AM, Hora est. Pacífico, Sudamérica",
    "solver_runs_and_tasks": {
        "module_name": "standard simulation project",
        "solver_run": {
            "license_and_hardware_request": {
                "in_use": true,
                "license_type": "CST legacy token",
                "mpi": {
                    "consistency_check": true,
                    "num_different_mpi_nodes": 0,
                    "num_local_mpi_nodes": 0,
                    "num_mpi_nodes": 0
                },
                "num_cpu_sockets": 1,
                "num_dc_nodes": 0,
                "num_gpus": 0,
                "num_physical_cores": -1,
                "num_threads": 1024
            },
            "opt_par_run_id": 9,
            "return_code": 1,
            "solver_hwacc_usage": {
                "info": "gathered from solver run",
                "mpi": {
                    "consistency_check": true,
                    "num_different_mpi_nodes": 0,
                    "num_local_mpi_nodes": 0,
                    "num_mpi_nodes": 0
                },
                "num_cpu_sockets": 1,
                "num_dc_nodes": 0,
                "num_gpus": 0,
                "num_threads_or_physical_cores": 2
            },
            "solver_used": "Solver_HF_TD",
            "task_name": "solver run",
            "time_info": {
                "details": {
                    "discretizer": 152,
                    "solver": 131
                },
                "run_time": 313
            }
        }
    },
    "studio-version": "2022.4 Release from 2022-04-26 (change 967892)",
    "version": 1
}{
    "date": "2022-12-30, 12:06:18 PM, Hora est. Pacífico, Sudamérica",
    "solver_runs_and_tasks": {
        "module_name": "standard simulation project",
        "solver_run": {
            "license_and_hardware_request": {
                "in_use": true,
                "license_type": "CST legacy token",
                "mpi": {
                    "consistency_check": true,
                    "num_different_mpi_nodes": 0,
                    "num_local_mpi_nodes": 0,
                    "num_mpi_nodes": 0
                },
                "num_cpu_sockets": 1,
                "num_dc_nodes": 0,
                "num_gpus": 0,
                "num_physical_cores": -1,
                "num_threads": 1024
            },
            "opt_par_run_id": 10,
            "return_code": 1,
            "solver_hwacc_usage": {
                "info": "gathered from solver run",
                "mpi": {
                    "consistency_check": true,
                    "num_different_mpi_nodes": 0,
                    "num_local_mpi_nodes": 0,
                    "num_mpi_nodes": 0
                },
                "num_cpu_sockets": 1,
                "num_dc_nodes": 0,
                "num_gpus": 0,
                "num_threads_or_physical_cores": 2
            },
            "solver_used": "Solver_HF_TD",
            "task_name": "solver run",
            "time_info": {
                "details": {
                    "discretizer": 125,
                    "solver": 122
                },
                "run_time": 277
            }
        }
    },
    "studio-version": "2022.4 Release from 2022-04-26 (change 967892)",
    "version": 1
}{
    "date": "2022-12-30, 12:13:31 PM, Hora est. Pacífico, Sudamérica",
    "solver_runs_and_tasks": {
        "module_name": "standard simulation project",
        "solver_run": {
            "license_and_hardware_request": {
                "in_use": true,
                "license_type": "CST legacy token",
                "mpi": {
                    "consistency_check": true,
                    "num_different_mpi_nodes": 0,
                    "num_local_mpi_nodes": 0,
                    "num_mpi_nodes": 0
                },
                "num_cpu_sockets": 1,
                "num_dc_nodes": 0,
                "num_gpus": 0,
                "num_physical_cores": -1,
                "num_threads": 1024
            },
            "opt_par_run_id": 11,
            "return_code": 1,
            "solver_hwacc_usage": {
                "info": "gathered from solver run",
                "mpi": {
                    "consistency_check": true,
                    "num_different_mpi_nodes": 0,
                    "num_local_mpi_nodes": 0,
                    "num_mpi_nodes": 0
                },
                "num_cpu_sockets": 1,
                "num_dc_nodes": 0,
                "num_gpus": 0,
                "num_threads_or_physical_cores": 2
            },
            "solver_used": "Solver_HF_TD",
            "task_name": "solver run",
            "time_info": {
                "details": {
                    "discretizer": 129,
                    "solver": 113
                },
                "run_time": 267
            }
        }
    },
    "studio-version": "2022.4 Release from 2022-04-26 (change 967892)",
    "version": 1
}{
    "date": "2022-12-30, 12:19:25 PM, Hora est. Pacífico, Sudamérica",
    "solver_runs_and_tasks": {
        "module_name": "standard simulation project",
        "solver_run": {
            "license_and_hardware_request": {
                "in_use": true,
                "license_type": "CST legacy token",
                "mpi": {
                    "consistency_check": true,
                    "num_different_mpi_nodes": 0,
                    "num_local_mpi_nodes": 0,
                    "num_mpi_nodes": 0
                },
                "num_cpu_sockets": 1,
                "num_dc_nodes": 0,
                "num_gpus": 0,
                "num_physical_cores": -1,
                "num_threads": 1024
            },
            "opt_par_run_id": 8,
            "return_code": 1,
            "solver_hwacc_usage": {
                "info": "gathered from solver run",
                "mpi": {
                    "consistency_check": true,
                    "num_different_mpi_nodes": 0,
                    "num_local_mpi_nodes": 0,
                    "num_mpi_nodes": 0
                },
                "num_cpu_sockets": 1,
                "num_dc_nodes": 0,
                "num_gpus": 0,
                "num_threads_or_physical_cores": 2
            },
            "solver_used": "Solver_HF_TD",
            "task_name": "solver run",
            "time_info": {
                "details": {
                    "discretizer": 90,
                    "solver": 109
                },
                "run_time": 221
            }
        }
    },
    "studio-version": "2022.4 Release from 2022-04-26 (change 967892)",
    "version": 1
}{
    "date": "2022-12-30, 12:24:05 PM, Hora est. Pacífico, Sudamérica",
    "solver_runs_and_tasks": {
        "module_name": "standard simulation project",
        "solver_run": {
            "license_and_hardware_request": {
                "in_use": true,
                "license_type": "CST legacy token",
                "mpi": {
                    "consistency_check": true,
                    "num_different_mpi_nodes": 0,
                    "num_local_mpi_nodes": 0,
                    "num_mpi_nodes": 0
                },
                "num_cpu_sockets": 1,
                "num_dc_nodes": 0,
                "num_gpus": 0,
                "num_physical_cores": -1,
                "num_threads": 1024
            },
            "opt_par_run_id": 12,
            "return_code": 1,
            "solver_hwacc_usage": {
                "info": "gathered from solver run",
                "mpi": {
                    "consistency_check": true,
                    "num_different_mpi_nodes": 0,
                    "num_local_mpi_nodes": 0,
                    "num_mpi_nodes": 0
                },
                "num_cpu_sockets": 1,
                "num_dc_nodes": 0,
                "num_gpus": 0,
                "num_threads_or_physical_cores": 2
            },
            "solver_used": "Solver_HF_TD",
            "task_name": "solver run",
            "time_info": {
                "details": {
                    "discretizer": 77,
                    "solver": 98
                },
                "run_time": 195
            }
        }
    },
    "studio-version": "2022.4 Release from 2022-04-26 (change 967892)",
    "version": 1
}{
    "date": "2022-12-30, 12:38:45 PM, Hora est. Pacífico, Sudamérica",
    "solver_runs_and_tasks": {
        "module_name": "standard simulation project",
        "solver_run": {
            "license_and_hardware_request": {
                "in_use": true,
                "license_type": "CST legacy token",
                "mpi": {
                    "consistency_check": true,
                    "num_different_mpi_nodes": 0,
                    "num_local_mpi_nodes": 0,
                    "num_mpi_nodes": 0
                },
                "num_cpu_sockets": 1,
                "num_dc_nodes": 0,
                "num_gpus": 0,
                "num_physical_cores": -1,
                "num_threads": 1024
            },
            "opt_par_run_id": 13,
            "return_code": 1,
            "solver_hwacc_usage": {
                "info": "gathered from solver run",
                "mpi": {
                    "consistency_check": true,
                    "num_different_mpi_nodes": 0,
                    "num_local_mpi_nodes": 0,
                    "num_mpi_nodes": 0
                },
                "num_cpu_sockets": 1,
                "num_dc_nodes": 0,
                "num_gpus": 0,
                "num_threads_or_physical_cores": 2
            },
            "solver_used": "Solver_HF_TD",
            "task_name": "solver run",
            "time_info": {
                "details": {
                    "discretizer": 67,
                    "solver": 94
                },
                "run_time": 181
            }
        }
    },
    "studio-version": "2022.4 Release from 2022-04-26 (change 967892)",
    "version": 1
}{
    "date": "2022-12-30, 12:49:56 PM, Hora est. Pacífico, Sudamérica",
    "solver_runs_and_tasks": {
        "module_name": "standard simulation project",
        "solver_run": {
            "license_and_hardware_request": {
                "in_use": true,
                "license_type": "CST legacy token",
                "mpi": {
                    "consistency_check": true,
                    "num_different_mpi_nodes": 0,
                    "num_local_mpi_nodes": 0,
                    "num_mpi_nodes": 0
                },
                "num_cpu_sockets": 1,
                "num_dc_nodes": 0,
                "num_gpus": 0,
                "num_physical_cores": -1,
                "num_threads": 1024
            },
            "opt_par_run_id": 14,
            "return_code": 1,
            "solver_hwacc_usage": {
                "info": "gathered from solver run",
                "mpi": {
                    "consistency_check": true,
                    "num_different_mpi_nodes": 0,
                    "num_local_mpi_nodes": 0,
                    "num_mpi_nodes": 0
                },
                "num_cpu_sockets": 1,
                "num_dc_nodes": 0,
                "num_gpus": 0,
                "num_threads_or_physical_cores": 2
            },
            "solver_used": "Solver_HF_TD",
            "task_name": "solver run",
            "time_info": {
                "details": {
                    "discretizer": 76,
                    "solver": 94
                },
                "run_time": 188
            }
        }
    },
    "studio-version": "2022.4 Release from 2022-04-26 (change 967892)",
    "version": 1
}{
    "date": "2022-12-30, 1:06:54 PM, Hora est. Pacífico, Sudamérica",
    "solver_runs_and_tasks": {
        "module_name": "standard simulation project",
        "solver_run": {
            "license_and_hardware_request": {
                "in_use": true,
                "license_type": "CST legacy token",
                "mpi": {
                    "consistency_check": true,
                    "num_different_mpi_nodes": 0,
                    "num_local_mpi_nodes": 0,
                    "num_mpi_nodes": 0
                },
                "num_cpu_sockets": 1,
                "num_dc_nodes": 0,
                "num_gpus": 0,
                "num_physical_cores": -1,
                "num_threads": 1024
            },
            "opt_par_run_id": 15,
            "return_code": 1,
            "solver_hwacc_usage": {
                "info": "gathered from solver run",
                "mpi": {
                    "consistency_check": true,
                    "num_different_mpi_nodes": 0,
                    "num_local_mpi_nodes": 0,
                    "num_mpi_nodes": 0
                },
                "num_cpu_sockets": 1,
                "num_dc_nodes": 0,
                "num_gpus": 0,
                "num_threads_or_physical_cores": 2
            },
            "solver_used": "Solver_HF_TD",
            "task_name": "solver run",
            "time_info": {
                "details": {
                    "discretizer": 100,
                    "solver": 99
                },
                "run_time": 219
            }
        }
    },
    "studio-version": "2022.4 Release from 2022-04-26 (change 967892)",
    "version": 1
}